"vendor_pub_code","asin","item_name","new_reviews_count","ALL_REVIEWS"
"CUT99","B005TICZCE","Power Pro 31100300300A Super 8 Slick Fishing Line, Marine Blue, 30 lb / 300 yd","1","www.amazon.com/product-reviews/B005TICZCE"
"CSMZ9","B001FG31MM","SCOSCHE MI3019B 2007-12 Mitsubishi Lancer Double DIN or DIN w/pocket Install Dash Kit","1","www.amazon.com/product-reviews/B001FG31MM"
"CUT68","B0149JVX12","Modern Man PM Fat Burner - Sleep Aid, Weight Loss & Testosterone Booster for Men, Best Night Time Metabolism Booster & Caffeine Free Sleep Supplement | Burn Belly Fat & Build Lean Muscle, 60 Pills","7","www.amazon.com/product-reviews/B0149JVX12"
"CSMZ9","B00009UHJX","Scosche Mda-Rb 1988 and Up Reverse Gm Micro/Delco Antenna Adapter","1","www.amazon.com/product-reviews/B00009UHJX"
"CUT68","B00V3M9QRC","Mutant Pro – 100% Whey Protein Shake With No Hidden Ingredients, Made In Gourmet, Delicious Flavors – Mint Chocolate Chip Ice Cream Flavor","1","www.amazon.com/product-reviews/B00V3M9QRC"
"CUT99","B005TIDBP4","Power Pro 31100200300A Super 8 Slick Fishing Line, Marine Blue, 20 lb / 300 yd","1","www.amazon.com/product-reviews/B005TIDBP4"
"CSMZ9","B001UE8J4E","Soundcast Subcast Wireless Subwoofer or Stereo Audio Kit with Transmitter & Receiver","1","www.amazon.com/product-reviews/B001UE8J4E"
"CSMZ9","B0082DJL34","Escort Straight Smart Cord (Blue Light)","1","www.amazon.com/product-reviews/B0082DJL34"
"CUT68","B01EA3L84E","T6 STAR6URN – Thermogenic Fat Burner, Weight Loss Pills for Men and Women with Chromium, Pure Forskolin and 7 More Shredding Diet Ingredients - Appetite Suppressant, 30 Day Supply","1","www.amazon.com/product-reviews/B01EA3L84E"
"CUT68","B072NB5XMG","GAT Nitraflex + C Creatine Cotton Candy Preworkout Supplement 30 Servings, 14.8 Ounce","1","www.amazon.com/product-reviews/B072NB5XMG"
"VIU4A","B001ANEFZW","Vision X Lighting VX-H9007 9007 80/100 Watt Hi or Low Beam Superwhite Bulb Set","1","www.amazon.com/product-reviews/B001ANEFZW"
"CUT68","B00J20YPMS","GAT Clinically Tested Nitraflex, Testosterone Enhancing Pre Workout, Pina Colada, 300 Gram","2","www.amazon.com/product-reviews/B00J20YPMS"
"CUT68","B00WJM3RE8","APS Nutrition IsoMorph, AAA-rated Pure/Highest Quality Whey Isolate  Protein Supplement, Cinnamon Graham Cracker, 2 Pound","1","www.amazon.com/product-reviews/B00WJM3RE8"
"CSMZ9","B0091V0A9U","Pioneer DEH-150MP Single DIN Car Stereo With MP3 Playback","4","www.amazon.com/product-reviews/B0091V0A9U"
"CSMZ9","B00XF80TPK","BOYO VTK301HD Keyhole Type Night Vision Camera","1","www.amazon.com/product-reviews/B00XF80TPK"
"CUT68","B01LXDJ207","Team Six Supplements Alpha Yohimbine – Proven Yohimbe Bark Fat Burner, Weight Loss Pills That Work Fast - 3rd Party Tested for Purity and Potency, 60 veggie capsules","2","www.amazon.com/product-reviews/B01LXDJ207"
"CSMZ9","B0095UH3O2","PAC RP4-MZ11 All-in-One Radio Replacement & Steering Wheel Control Interface (for Select Mazda Vehicles)","1","www.amazon.com/product-reviews/B0095UH3O2"
"CSMZ9","B003ULP5FG","SCOSCHE HA1710B 2001-05 Honda Civic Double Double DIN Install Dash Kit","1","www.amazon.com/product-reviews/B003ULP5FG"
"CSMZ9","B000NWEJUW","Scosche GM17B Wire Harness to Connect An Aftermarket Stereo Receiver to 2006-Up Saturn Ion","1","www.amazon.com/product-reviews/B000NWEJUW"
"CUT68","B00J20YV04","GAT Clinically Tested Nitraflex, Testosterone Enhancing Pre Workout, Black Cherry,300 Gram","4","www.amazon.com/product-reviews/B00J20YV04"
"CUT99","B000SHQ89W","Power Pro Spectra Fiber Braided Fishing Line, Hi-Vis Yellow, 150YD/10LB","1","www.amazon.com/product-reviews/B000SHQ89W"
"CUT68","B008RL1HBU","GAT Clinically Tested Nitraflex, Testosterone Enhancing Pre Workout, Watermelon, 300 Gram","1","www.amazon.com/product-reviews/B008RL1HBU"
"CUT68","B00CCHBA8U","SHEER N.O. Nitric Oxide Supplement - Premium Muscle Building Nitric Oxide Booster with L Arginine - Sheer Strength Labs - 120ct","11","www.amazon.com/product-reviews/B00CCHBA8U"
"CUT68","B00J20YUQY","GAT Clinically Tested Nitraflex, Testosterone Enhancing Pre Workout, Blue Raspberry,300 Gram","2","www.amazon.com/product-reviews/B00J20YUQY"
"CSMZ9","B00H26468M","PAC AAI-HD3 14-Pin Satellite or Cd Changer Auxiliary Input for Honda/Acura 2003-2012","2","www.amazon.com/product-reviews/B00H26468M"
"CSMZ9","B01KKHSYGE","Pioneer DEH-X6900BT Vehicle CD Digital Music Player Receivers, Black","2","www.amazon.com/product-reviews/B01KKHSYGE"
"CSMZ9","B000YRS99S","SCOSCHE HA1559B 2007-11 Honda CRV  Double DIN or  DIN w/pocket Install Dash Kit","1","www.amazon.com/product-reviews/B000YRS99S"
"CSMZ9","B0002J2D2W","SCOSCHE FD1330B 1995-11 Mercury / Mazda Select  Double DIN Dash Kit","1","www.amazon.com/product-reviews/B0002J2D2W"
"CUT68","B071VBXW5V","GENIUS DIET PILLS - The Smart Appetite Suppressant for Safe Weight Loss, Natural 5-HTP & Saffron Supplement Proven For Women & Men - Cortisol Manager + Mood, Stress and Thyroid Support, 50 Veggie Caps","18","www.amazon.com/product-reviews/B071VBXW5V"
"CSMZ9","B00DHUA9VA","PAC RP5-GM11 Radio Replacement Interface With Built-In OnStar Retention/Steering Wheel Control Retention/Navigation Outputs for Select GM Class II Vehicles","1","www.amazon.com/product-reviews/B00DHUA9VA"
"CUT68","B01GP2Y3BS","GENIUS FAT BURNER - Thermogenic Weight Loss & Nootropic Focus Supplement - Natural Metabolism & Energy Booster for Men & Women | Thyroid Support and Appetite Suppressant w/ Gymnema Sylvestre, 60 Pills","18","www.amazon.com/product-reviews/B01GP2Y3BS"
"CSMZ9","B0007KK2N8","SCOSCHE TA2048B 2003-08 Toyota Corolla Single DIN w/pocket Installation Dash Kit","1","www.amazon.com/product-reviews/B0007KK2N8"
"CUT99","B005TKV50K","PowerPro 31100300300Y Power Pro Super Slick Hi-VIS Yellow","1","www.amazon.com/product-reviews/B005TKV50K"
"CUT99","B01IWXD1KW","Shimano Nasci C 3000 HG FB compact spinning reel with front drag, model 2017, NASC3000HGFB","1","www.amazon.com/product-reviews/B01IWXD1KW"
"CSMZ9","B000NWHVV6","SCOSCHE KA2068B 2006-10 Kia Optima Single DIN w/pocket Install Dash Kit","1","www.amazon.com/product-reviews/B000NWHVV6"
"CUT68","B078X12P75","EVERTRAIN BASE - The Athlete’s Multivitamin Replacement - Joint Health, Brain Health, Liver Detox - 30 Servings","1","www.amazon.com/product-reviews/B078X12P75"
"CSMZ9","B00JQTU3QC","Pioneer TS-SWX2502 10 inch Shallow-Mount Pre-Loaded Enclosure","5","www.amazon.com/product-reviews/B00JQTU3QC"
"CSMZ9","B0007KK2DS","Scosche GM1583B Single DIN Install Dash Kit for Select 1992-Up Chevrolet/Cadillac/Oldsmobile Vehicles","1","www.amazon.com/product-reviews/B0007KK2DS"
"CUT68","B01LS2U0DA","ALPHA WOMAN - Weight Loss Supplement, 4-In-1 Thermogenic Energizer, Appetite Control & Mood Enhancer, 60 Capsules","3","www.amazon.com/product-reviews/B01LS2U0DA"
"CUT68","B002J0GS5K","GAT Sport Jetfuel Pyro, Fat-Burning Thermogenic 120 Capsules","1","www.amazon.com/product-reviews/B002J0GS5K"
"CSMZ9","B0007KK2G0","Scosche HA08B Wire Harness to Connect An Aftermarket Stereo Receiver for Select 1998-2006 Honda/Acura","2","www.amazon.com/product-reviews/B0007KK2G0"
"CSMZ9","B001715RQS","PAC AOEM-MAZ2 Interface that Allows Replacement or Addition of an Amplifier in Select Mazda Vehicles Without a Factory Bose Sound System","1","www.amazon.com/product-reviews/B001715RQS"
"CSMZ9","B00009UHIV","SCOSCHE GM1515B 1995-97 GM S15/10 Single DIN w/pocket Install Dash Kit","1","www.amazon.com/product-reviews/B00009UHIV"
"CSMZ9","B0002R0X8U","Russound ss62 Six Pair Single Source Speaker","1","www.amazon.com/product-reviews/B0002R0X8U"
"CSMZ9","B00B7C06P4","DataComm Electronics 45-0024-WH Recessed Pro-Power Kit with Duplex Receptacle and Straight Blade Inlet","1","www.amazon.com/product-reviews/B00B7C06P4"
"CUT68","B003NYEVAA","ALR Industries Humapro Tabs,  Protein Matrix Formulated for Humans, Waste Less. Gain Lean Muscle, 300 Tabs","2","www.amazon.com/product-reviews/B003NYEVAA"
"CUT68","B075141SWS","Genius Creatine Powder, Post Workout Supplement For Men and Women with Creapure Monohydrate, Hydrochloride (HCL) MagnaPower and Carnosyn Beta-Alanine SR, Natural Lean Muscle Builder – Sour Apple, 188G","6","www.amazon.com/product-reviews/B075141SWS"
"CUT68","B01IRFX4NY","GENIUS CAFFEINE – Extended Release Microencapsulated Caffeine Pills, All Natural Non-Crash Sustained Energy & Focus Supplement –Preworkout & Nootropic Brain Booster For Men & Women,100 veggie capsules","16","www.amazon.com/product-reviews/B01IRFX4NY"
"CSMZ9","B003E3QRU2","PAC MS-FRD1 Radio Replacement Interface for Ford/Lincoln/Mercury with SYNC Retention","1","www.amazon.com/product-reviews/B003E3QRU2"
"CSMZ9","B000KIR8M0","SCOSCHE X2WFH Single ANL Fuse holder","2","www.amazon.com/product-reviews/B000KIR8M0"
"CSMZ9","B002U5XPBE","iSimple IS31 Antenna Bypass FM Modulator for Factory or Aftermarket Car Radios","1","www.amazon.com/product-reviews/B002U5XPBE"
"CSMZ9","B0007TJDFM","SCOSCHE SA68 1994 and Newer – Ford Mustang or Ford F-Series 6” x 8” to 5.25” or 6.5” Speaker Adapter Pair","2","www.amazon.com/product-reviews/B0007TJDFM"
"CUT68","B00SINAZLA","360SLIM Female Fat Burner Appetite Suppressant with Green Coffee Bean, Yerba Mate, Guarana, Raspberry Ketones, and Caffeine. 90 Capsules","1","www.amazon.com/product-reviews/B00SINAZLA"
"CSMZ9","B0007THIDQ","Scosche FM-MOD01 Modulator Play your iPod, satellite radio tuner, or other portable music player through any FM car stereo","1","www.amazon.com/product-reviews/B0007THIDQ"
"CSMZ9","B0003NN83K","Escort Direct Wire SmartCord (Red Light)","2","www.amazon.com/product-reviews/B0003NN83K"
"CSMZ9","B000NWEJWA","Scosche SAC656 1995-up Neon 5.25/6.5-Inch Jeep Speaker Adapter - Pair","1","www.amazon.com/product-reviews/B000NWEJWA"
"CSMZ9","B0002J2D0Y","Scosche CJ1278B Single DIN Installation Dash Kit with Pocket for Select 1974-Up Chrysler/Dodge/Eagle/Jeep","1","www.amazon.com/product-reviews/B0002J2D0Y"
"CUT99","B006FLNKQO","Power Pro 31100150150A Super 8 Slick Fishing Line, Marine Blue, 15x150","1","www.amazon.com/product-reviews/B006FLNKQO"
"CUT68","B01J1Q2HCC","T6 Testosterone Booster – ALPHA MUSCLE-XT, Scientifically Formulated Muscle Builder for Men with Ashwagandha (KSM-66), Zinc, DIM (Estrogen Blocker) and 4 More Muscle Building Ingredients, 60 V-Caps","1","www.amazon.com/product-reviews/B01J1Q2HCC"
"CUT68","B016N1VU1W","REAL MUSCLE BUILDER – Mass Building Laxogenin Supplement for Men – Anabolic Weight Gainer & Nutrient Partitioner for Muscle Growth & Fat Loss | Clear Plateaus Fast | Serious Bodybuilding | –180 Pills","1","www.amazon.com/product-reviews/B016N1VU1W"
"CUT68","B007P7DOT0","GAT Clinically Tested Nitraflex, Testosterone Enhancing Pre Workout, Fruit Punch,300 Gram(Contains Caffeine)","2","www.amazon.com/product-reviews/B007P7DOT0"
"CSMZ9","B0007KPS0A","Scosche NN03B Wire Harness to Connect An Aftermarket Stereo Receiver for Select 1995-Up Infiniti/Nissan","1","www.amazon.com/product-reviews/B0007KPS0A"
"CSMZ9","B00FRU5UNA","iSimple Hands-Free Calling and Music Streaming Kit with Control Button for Smartphones - Frustration-Free Packaging - Black","2","www.amazon.com/product-reviews/B00FRU5UNA"
"CUT68","B01B8JWCKM","ALPHA ISO - Whey Protein Isolate Powder | Best Tasting 100% Grass Fed Whey | Low Carb Protein Powder for Lean Muscle Building & Weight Loss, Post Workout Supplement for Men, Chocolate Fudge, 28 Sv","3","www.amazon.com/product-reviews/B01B8JWCKM"
"CSMZ9","B0007KPRWO","Scosche MA03B Vehicles Speaker Connector for 2000-Up Select Mazda","1","www.amazon.com/product-reviews/B0007KPRWO"
"CSMZ9","B0015A8Q7S","SCOSCHE SAGMHR634B Select 2006 and Newer – Chevrolet 6.75” to 5.25” or 6.5” Speaker Adapter Pair","1","www.amazon.com/product-reviews/B0015A8Q7S"
"CSMZ9","B00CYSHUG8","Escort StickyCup Windshield Mount","1","www.amazon.com/product-reviews/B00CYSHUG8"
"CUT68","B01BUSUJRO","Mutant Isosurge Whey Isolate Protein Powder, Coconut Cream, 5 Pound","1","www.amazon.com/product-reviews/B01BUSUJRO"
"CUT68","B013PTDH0M","Legion Fortify Joint Pain Supplement - Natural Remedy for Anti Inflammation and Rheumatoid Arthritis Relief. Reduces Stiffness in Jaw, Facet, SI, Hands, Finger, Toe, Hip, Knee & Back. 30 Servings","1","www.amazon.com/product-reviews/B013PTDH0M"
"CUT99","B000PH6UJI","Shimano Calcutta 400B Round Reel","1","www.amazon.com/product-reviews/B000PH6UJI"
"CSMZ9","B0007KPS3C","Scosche VW03B Wire Harness to Connect An Aftermarket Stereo Receiver for Select 2002-Up Audi/BMW/Volkswagen","1","www.amazon.com/product-reviews/B0007KPS3C"
"CUT68","B00H4IBD0M","Sheer Testosterone Booster for Men - Natural Supplement for Increasing Strength, Stamina, and Energy, 90 Testosterone Boosting Capsules, 30 Day Supply","1","www.amazon.com/product-reviews/B00H4IBD0M"
"CSMZ9","B001709QFW","PAC AOEM-FRD24 Add-On Amplifier Interface with 24-Pin Connector for 2005-Up Ford Vehicles","1","www.amazon.com/product-reviews/B001709QFW"
"CSMZ9","B0007KK2NI","Scosche TA2154B Pocket Radio Installation Kit for Select 1978-2002 Chevrolet/Toyota Vehicles (Black)","1","www.amazon.com/product-reviews/B0007KK2NI"
"CSMZ9","B006Y44DAY","Pioneer DEH-80PRS CD Receiver with 3-Way Active Crossover Network, Auto EQ, and Auto Time Alignment","1","www.amazon.com/product-reviews/B006Y44DAY"
"CUT68","B00J20YUL4","GAT Clinically Tested Nitraflex, Testosterone Enhancing Pre Workout, Orange, 300 Gram","1","www.amazon.com/product-reviews/B00J20YUL4"
"CUT68","B06XX75Z71","T6 Stimulant-1 Pre Workout Powder – World’s Strongest Energy Drink Mix, Nootropic Fat Burner & Focus Supplement for Men & Women w/ Taurine & Teacrine, 25sv","9","www.amazon.com/product-reviews/B06XX75Z71"
"CUSDR","B00QFASBVO","Race Sport RS-16MM-LEDB LED Momentary Switch","1","www.amazon.com/product-reviews/B00QFASBVO"
"CSMZ9","B003N7NJBY","Datacomm 50-3338-WH-KIT Easy Mount Cable Organizer Kit - White","1","www.amazon.com/product-reviews/B003N7NJBY"
"CSMZ9","B003TZ9YZU","2gig DW10 Thin Door Window Contact ETL Listed","1","www.amazon.com/product-reviews/B003TZ9YZU"
"CUT68","B00TDP9DPQ","Mutant Mass, Whey Protein Weight Gainer and Muscle Builder, Triple Chocolate, 6 Pound","1","www.amazon.com/product-reviews/B00TDP9DPQ"
"CSMZ9","B012FARZ3M","iDatalink Maestro ADS-HRN-ANT-SAT1 SAT 1 OEM Farka to Aftermarket Satellite adaptor","1","www.amazon.com/product-reviews/B012FARZ3M"
"CSMZ9","B001TKWTZO","Scosche reVo6 Revo 6-Feet 2-Channel Audio Cable Twisted Pair with Molded Ends (Clear/Black)","1","www.amazon.com/product-reviews/B001TKWTZO"
"CSMZ9","B001EAWS3W","PAC SNI-35 Variable LOC Line Out Converter","1","www.amazon.com/product-reviews/B001EAWS3W"
"CSMZ9","B000HHOOZ8","Atrend 6X9PR B Box Series 6 x 9 Inches Pair Speaker Box with Speaker Terminal","1","www.amazon.com/product-reviews/B000HHOOZ8"
"CSMZ9","B00O8B7B7C","Pioneer TSW311D4 12- Inch. 1400 Watt Dual Voice Coil DVC Subwoofer","1","www.amazon.com/product-reviews/B00O8B7B7C"
"CSMZ9","B00ZJ7BJ4K","Panda Life Shredded Memory Foam Pillow-King","1","www.amazon.com/product-reviews/B00ZJ7BJ4K"
"CSMZ9","B001GQ2QU4","Scosche SAGMT95B 1995-Up GM Full Size PickUps and SUV Speaker Adapter (pair)","1","www.amazon.com/product-reviews/B001GQ2QU4"
"CUT68","B004DGM0IM","GAT JETFUEL, Cutting & Hardening Compound, 144 Liqui-­Caps/48 Servings","1","www.amazon.com/product-reviews/B004DGM0IM"
"CUT68","B0713X9NHQ","Genius Protein Powder - Natural Whey Protein Isolate & Micellar Casein Lean Muscle Building Blend, Grass Fed Post Workout Strength Builder for Weight Loss and Strength Gains, Lean Cocoa, 2 LB","1","www.amazon.com/product-reviews/B0713X9NHQ"
"CUT99","B000FIWADW","Shimano FXS66MB2 FX Spinning Rod, 6'6" Length, 2pc Rod, 10-20 lb Line Rate, 1/4 - 5/8 oz Lure Rate, Medium Power","1","www.amazon.com/product-reviews/B000FIWADW"
"CUT68","B00L87YFL4","Legion Triumph Daily Multivitamin Supplement - Vitamins and Minerals for Anxiety, Depression, Stress, Immune System, Heart Health, Energy, Sports & Bodybuilding Workouts. 30 Svgs.","1","www.amazon.com/product-reviews/B00L87YFL4"
"CSMZ9","B00TIVZSKO","Bazooka BPB24 - 24in Bluetooth Party Bar Off Road Sound Bar and LED Illumination System","1","www.amazon.com/product-reviews/B00TIVZSKO"
"CUT68","B06XCHZ88C","GENIUS BCAA Powder with Focus & Energy – Multiuse Natural Vegan Preworkout BCAAs for Mental Clarity and Faster Muscle Recovery, Pre, Intra and Post Workout Drink with Memory Enhancement, Orange, 21sv","18","www.amazon.com/product-reviews/B06XCHZ88C"
"CUT68","B0728NKJ14","AGELESS KISS - Weight Loss For Women, Natural Fat Burner & Anti-Aging Skin Care Supplement | Thyroid Support, Cortisol Manager & Metabolism Booster for Stress Relief & Mood | Lose Belly Fat -60 Pills","3","www.amazon.com/product-reviews/B0728NKJ14"
"CUT99","B003D915NQ","Power Pro Spectra Fiber Braided Fishing Line, Moss Green, 150YD/30LB","1","www.amazon.com/product-reviews/B003D915NQ"
"CSMZ9","B000NWG3RO","Scosche Dash Kit for 1992-Up General Motors Double Din Kit with Trim Ring / Iso","1","www.amazon.com/product-reviews/B000NWG3RO"
"CUT68","B00XK6F7K4","Legion Forge Belly Fat Burner - Lose Your Love Handles, Get a Flat Stomach and Trimmer Waist Fast. Helps With Stubborn Leg & Butt Fat Too! With Yohimbe, HMB, Choline. All Natural, 45 Servings.","2","www.amazon.com/product-reviews/B00XK6F7K4"
"CUT68","B072597626","GENIUS TEST - The Smart Testosterone Booster For Men | Natural Energy Supplement, Brain & Libido Support, Fat Loss | Muscle Builder with KSM-66 Ashwagandha, Shilajit and Tongkat Ali, 30 Veggie Pills","7","www.amazon.com/product-reviews/B072597626"
"CUT68","B00C0BT9DQ","GAT Clinically Tested Nitraflex, Testosterone Enhancing Pre Workout, Pineapple, 300 Gram","1","www.amazon.com/product-reviews/B00C0BT9DQ"
"CSMZ9","B0002J226O","PAC LC-1 Remote Amplifier Level Controller","1","www.amazon.com/product-reviews/B0002J226O"
"CUT68","B01EIPHP2S","RAW Synergies Pre Workout Thermogenic Fat Burner Powder for Women and Men, All Natural Energy & Weight Loss Supplement – Focus & Metabolism Booster Drink – No Artificial Sweeteners, Fruit Punch, 24SV","3","www.amazon.com/product-reviews/B01EIPHP2S"
"CUT99","B000SHOYSY","Power Pro Spectra Fiber Braided Fishing Line, Hi-Vis Yellow, 150YD/8LB","1","www.amazon.com/product-reviews/B000SHOYSY"
"CSMZ9","B00E4W1644","ADS-MRR Maestro RR - Universal Radio Replacement & SWI","1","www.amazon.com/product-reviews/B00E4W1644"
"CSMZ9","B00009UHKW","Scosche TA02B Wire Harness to Connect An Aftermarket Stereo Receiver for Select 1987-Up Toyota Vehicles","2","www.amazon.com/product-reviews/B00009UHKW"
"CSMZ9","B004GZ89N0","Datacomm 45-0031-WH Recessed Low Voltage Media Plate with Duplex Receptacle, White","2","www.amazon.com/product-reviews/B004GZ89N0"
"CUT68","B073KJP7NY","GAT Nitraflex + C Creatine Lemon Lime Preworkout Supplement 30 Servings, 14.8 Ounce","1","www.amazon.com/product-reviews/B073KJP7NY"
"CSMZ9","B001AQQ5FC","SCOSCHE TA2101DGB 2009-13 Toyota Corolla (Dark Grey) Double DIN or DIN w/pocket Install Dash Kit","1","www.amazon.com/product-reviews/B001AQQ5FC"
"CSMZ9","B00009QOTA","Pioneer TS-A878 3 1/2 Inch 2-Way Speakers","1","www.amazon.com/product-reviews/B00009QOTA"
"CSMZ9","B0003NN83U","Escort Direct Wire Power Cord for Radar and Laser Detectors","1","www.amazon.com/product-reviews/B0003NN83U"
"CSMZ9","B004M8RPM2","Scosche BTKB freeKEY Bluetooth Mini Keyboard - Retail Packaging - Black","1","www.amazon.com/product-reviews/B004M8RPM2"
"CUT68","B00GOD0SRC","Legion Recharge Post Workout Supplement - All Natural Muscle Builder & Recovery Drink With Creatine Monohydrate. Naturally Sweetened & Flavored, Safe & Healthy. Fruit Punch, 60 Servings","1","www.amazon.com/product-reviews/B00GOD0SRC"
"CUT68","B06VW6GS8G","GENIUS L ARGININE Powder - Fermented L-Arginine Nitric Oxide Supplement, Natural Muscle Builder & NO Booster for Healthy Blood Pressure, Protein Synthesis and Strength Building, Unflavored, 30 Sv","1","www.amazon.com/product-reviews/B06VW6GS8G"
"CSMZ9","B00KOUIIBE","Escort Coiled SmartCord Combo - (Blue Light)","1","www.amazon.com/product-reviews/B00KOUIIBE"
"CUT68","B01KBZ2YCA","GAT Men Multi Plus Test Capsules, 150 Count","2","www.amazon.com/product-reviews/B01KBZ2YCA"
"CSMZ9","B0007KPRKG","SCOSCHE CR1284B 2004-08 Chysler Pacifica Single DIN w/pocket Installation Dash Kit","1","www.amazon.com/product-reviews/B0007KPRKG"
"CSMZ9","B00L4PYK4M","DataComm Electronics 45-0051-WH Recessed AV/HDMI Cable Conceal Plate with Expandable Media Box and Dual Power Receptacle","1","www.amazon.com/product-reviews/B00L4PYK4M"
"CSMZ9","B000NWCIDC","SCOSCHE HA1558B 2007-08 Honda Double DIN or DIN w/pocket Install Dash Kit","1","www.amazon.com/product-reviews/B000NWCIDC"
"CUT68","B00M8JEICM","Legion Pulse Pre Workout Supplement - All Natural Nitric Oxide Preworkout Drink to Boost Energy & Endurance. Creatine Free, Naturally Sweetened & Flavored, Safe & Healthy. Grape, 21 Servings","4","www.amazon.com/product-reviews/B00M8JEICM"
"CUT68","B00R3ZLXZ6","Legion Whey+ Chocolate Whey Isolate Protein Powder from Grass Fed Cows - Low Carb, Low Calorie, Non-GMO, Lactose Free, Gluten Free, Sugar Free. Great For Weight Loss & Bodybuilding, 30 Servings.","4","www.amazon.com/product-reviews/B00R3ZLXZ6"
"CSMZ9","B0018BRUA8","SCOSCHE MA1533B 2007-10 Mazda CX7  Double DIN or  DIN w/pocket Install Dash Kit","1","www.amazon.com/product-reviews/B0018BRUA8"
"CSMZ9","B000YR4KT6","SCOSCHE MI03B 1987-05 Mitsubish Radio or Amplifier Replacement Interface","1","www.amazon.com/product-reviews/B000YR4KT6"
"CSMZ9","B002GOFYLS","SCOSCHE TA2053S9B 2005-11 Toyota Tacoma Double DIN Install Dash Kit, Light Metallic Silver","1","www.amazon.com/product-reviews/B002GOFYLS"
"CUT68","B00LV3LE3C","Legion Athletics Phoenix Fat Burner (Caffeine Free) - Appetite Suppressant for Faster Weight Loss - 100% Natural & Scientifically Validated Formulation Including Forskolin, Naringin, More - 30 Svgs","6","www.amazon.com/product-reviews/B00LV3LE3C"
"CUT68","B01GCHTTV0","T6 Cryotherapy - Natural Joint Support Supplement | Arthritis Pain Relief, Anti Inflammatory Cartilage Repair & Bone Strength | Type 2 Collagen Pills + Curcumin with Bioperine + Boswellia Extract,30Sv","5","www.amazon.com/product-reviews/B01GCHTTV0"
"CSMZ9","B001EAWOEK","PAC AAI-GM12 Dual Auxiliary Audio Input Interface for Select General Motors Vehicles","1","www.amazon.com/product-reviews/B001EAWOEK"
"CUT68","B00QYZ6MLG","Legion Pulse Pre Workout Supplement - All Natural Nitric Oxide Preworkout Drink to Boost Energy & Endurance. Creatine Free, Naturally Sweetened & Flavored, Safe & Healthy. Fruit Punch, 21 Servings","6","www.amazon.com/product-reviews/B00QYZ6MLG"
"CSMZ9","B0072LCY86","PAC RP4-CH11 Radiopro4 Stereo Replacement Interface for Select Chrysler/Mitsubishi/Volkswagen Vehicles","1","www.amazon.com/product-reviews/B0072LCY86"
"CUT99","B01E07KCWO","Shimano Caenan 151 A left handed baitcast fishing reel, gear ratio 6.3:1, CAE151A","1","www.amazon.com/product-reviews/B01E07KCWO"
"CUT68","B0071B79QO","Carnisport - 5 Form L-Carnitine Caffeine Free Fat Burner, Weight Management and Recovery Supplement with Green Tea for additional muscle preserving weight loss, 120 capsules","1","www.amazon.com/product-reviews/B0071B79QO"
"CSMZ9","B0007TJDG6","Scosche Se10 10-Inch Sealed Subwoofer Enclosure","2","www.amazon.com/product-reviews/B0007TJDG6"
"CUT68","B01GZJCF6G","MUTANT BCAA Powder 9.7, Branched Chain Amino Acids with L-Arginine & Electrolytes for Muscle Building and Nitric Oxide Enhancement, Blue Raspberry, 30 Servings","1","www.amazon.com/product-reviews/B01GZJCF6G"
"CSMZ9","B00GDULGG8","Pioneer TS-W3003D4 Champion Series Pro Subwoofer with Dual 4 ff Voice Coils and 2000W Max Power(one speaker)","3","www.amazon.com/product-reviews/B00GDULGG8"
"CSMZ9","B0015C68H6","SCOSCHE KA2069B 2006-12 Kia Select vehicles  Double DIN Dash Install Kit","1","www.amazon.com/product-reviews/B0015C68H6"
"CSMZ9","B00DHQ6K7Q","iSimple ISFM23 TranzIt Universal Bluetooh Enabled FM Transmitter Car Kit, Blue","1","www.amazon.com/product-reviews/B00DHQ6K7Q"
"CSMZ9","B001EAWOE0","PAC AAI-GM9 Auxiliary Input For GM 9-PIN","1","www.amazon.com/product-reviews/B001EAWOE0"
"CSMZ9","B0015ASMIQ","PAC C2R-FRD1 Radio Replacement Interface for Select 2005-up CAN-bus Ford, Lincoln and Mercury Vehicles","1","www.amazon.com/product-reviews/B0015ASMIQ"
"CSMZ9","B0036W7OTY","Kicker 10C104 Comp 10-Inch Subwoofer 4 Ohm (Black)","1","www.amazon.com/product-reviews/B0036W7OTY"
"CUT68","B00XRYPI3K","Modrn Men, 2-In-1, 60 Capsules","1","www.amazon.com/product-reviews/B00XRYPI3K"
"CSMZ9","B003B01AHS","iSimple IS335 Dash Mountable Auxiliary Input Adapter","2","www.amazon.com/product-reviews/B003B01AHS"
"CSMZ9","B000NWEJXE","SCOSCHE SI2221B 2004-08 Suzuki Select / Chevy Aveo DIN w/Pocket Dash Kit","1","www.amazon.com/product-reviews/B000NWEJXE"
"CSMZ9","B000EIQMHS","Scosche GM1483B Single Din Installation Kit for Select 1995-2005 Chevrolet/Gmc Trucks","1","www.amazon.com/product-reviews/B000EIQMHS"
"CSMZ9","B00LUX1F5K","iSimple ISHD01 MediaLinx HDMI To Composite Video/Audio Adapter Cable (Black)","1","www.amazon.com/product-reviews/B00LUX1F5K"
"CUT68","B00WZPOWHK","Legion Pulse Pre Workout Supplement - All Natural Nitric Oxide Preworkout Drink to Boost Energy & Endurance. Creatine Free, Naturally Sweetened & Flavored, Safe & Healthy. Green Apple, 21 Servings.","2","www.amazon.com/product-reviews/B00WZPOWHK"
"CSMZ9","B00009QOW4","Pioneer TSD6802R 6 X 8 2-Way 260 Watt Speakers","1","www.amazon.com/product-reviews/B00009QOW4"
"CUT68","B0756NRH1Q","T6 STAR6URN-PM – Fat Burner and Sleep Aid for Muscle-Preserving Weight Loss and Stress Relief, Green Coffee Bean and Garcinia Cambogia Extract, 50 veggie caps","7","www.amazon.com/product-reviews/B0756NRH1Q"
"CUT68","B0169TT8O4","GAT Liver Cleanse Multivitamin, 60 Count","1","www.amazon.com/product-reviews/B0169TT8O4"
"CSMZ9","B00193U3O0","DataComm 45-0001-WH 1-Gang Recessed Low Voltage Cable Plate (White)","1","www.amazon.com/product-reviews/B00193U3O0"
"CSMZ9","B0018BRUBM","Scosche NN1642B Double/Single DIN Installation Kit for 2007 Nissan Altima (Black)","1","www.amazon.com/product-reviews/B0018BRUBM"
"VIU4A","B000ESB8A4","Vision X Lighting HIL-7443R Red LED Replacement Bulb","1","www.amazon.com/product-reviews/B000ESB8A4"
"CSMZ9","B01FWJEA1I","ADS-HRN-RR-GM5 GM5+ Plug & Play T-Harness for GM Vehicle, w/spkr","1","www.amazon.com/product-reviews/B01FWJEA1I"
"CSMZ9","B00XQCS114","PAC ISHD751 Carconnect Full Integration BT with HF Calling for Select Honda","1","www.amazon.com/product-reviews/B00XQCS114"
"CUT68","B01A0NXQ8O","MUSCLE MAN Preworkout Supplement for Men – Muscle Builder & Pre Workout Powder, Nitric Oxide Booster with Alpha GPC, Creatine HCL & Beta Alanine for Raw Power, Cotton Candy, 306G","1","www.amazon.com/product-reviews/B01A0NXQ8O"
"CSMZ9","B000YRSU9M","SCOSCHE SI2228B 2007-12 Suzuki SX4 Double DIN or DIN w/pocket Install Dash Kit","1","www.amazon.com/product-reviews/B000YRSU9M"
"CUT68","B0743J21SF","Genius Joy - Serotonin Mood Booster for Anxiety Relief, Wellness and Brain Support, Nootropic Dopamine Stack with SAM-E, Panax Ginseng and L-Theanine – Replace Antidepressants Naturally, 100 VCaps","18","www.amazon.com/product-reviews/B0743J21SF"
"CSMZ9","B009P8A044","PAC RP5-GM31 Radio Replacement Interface With Built-In OnStar Retention/Steering Wheel Control Retention/Navigation Outputs for Select GM LAN Vehicles","2","www.amazon.com/product-reviews/B009P8A044"
"CSMZ9","B0016KZ16G","Scosche FDK10B Wire Harness to Connect An Aftermarket Stereo Receiver for Select 1988-1997 Ford/Lincoln","1","www.amazon.com/product-reviews/B0016KZ16G"
"CSMZ9","B000O92VZ4","SCOSCHE FDK7B 1998-04 Ford Premium Sound retention wire harness kit; Power and RCA to Dash/Amp input","1","www.amazon.com/product-reviews/B000O92VZ4"
"CSMZ9","B0007KK28I","Scosche GM05B 2000-Up Speaker Connector for Chevrolet Metro/Tracker/Prizm/Venture","1","www.amazon.com/product-reviews/B0007KK28I"
"CUT68","B01M6A0KR0","Genius Pre Workout – All Natural Nootropic Preworkout Powder & Caffeine-Free Nitric Oxide Booster with Beta Alanine and Alpha GPC - Focus, Energy and Muscle Building Supplement, Grape Limeade, 338G","18","www.amazon.com/product-reviews/B01M6A0KR0"
"CUSDR","B00QFAPBJO","Race Sport RS-PB-PLATE-2 License Plate Cover","1","www.amazon.com/product-reviews/B00QFAPBJO"
"CSMZ9","B001PB7UVA","Datacomm 50-3323-WH-KIT Flat Panel TV Cable Organizer Kit with Power Solution - White","7","www.amazon.com/product-reviews/B001PB7UVA"
